{"cameraMode":{"drawMode":0,"name":"Shaded","section":"Shading Mode"},"sceneLighting":true,"audioPlay":false,"sceneViewState":{"showFog":false,"showMaterialUpdate":false,"showSkybox":false,"showFlares":false,"showImageEffects":false,"showParticleSystems":false},"in2DMode":false,"pivot":{"x":-2.488436698913574,"y":3.879974603652954,"z":6.720528602600098},"rotation":{"x":0.015233656391501427,"y":-0.10000821948051453,"z":0.0015302582178264857,"w":0.994868814945221},"size":14.895462036132813,"orthographic":false}