{"cameraMode":{"drawMode":0,"name":"Shaded","section":"Shading Mode"},"sceneLighting":true,"audioPlay":false,"sceneViewState":{"showFog":true,"showMaterialUpdate":true,"showSkybox":true,"showFlares":true,"showImageEffects":true,"showParticleSystems":true},"in2DMode":false,"pivot":{"x":-1.5000495910644532,"y":-2.4050660133361818,"z":-0.12033843994140625},"rotation":{"x":-0.03598291426897049,"y":0.022483518347144128,"z":-0.000809735560324043,"w":-0.9990991950035095},"size":33.43233108520508,"orthographic":false}