{"cameraMode":{"drawMode":0,"name":"Shaded","section":"Shading Mode"},"sceneLighting":false,"audioPlay":false,"sceneViewState":{"showFog":false,"showMaterialUpdate":false,"showSkybox":false,"showFlares":false,"showImageEffects":false,"showParticleSystems":false},"in2DMode":false,"pivot":{"x":-1.2769935131072999,"y":3.850804567337036,"z":-0.14117780327796937},"rotation":{"x":0.04215215891599655,"y":-0.08351686596870423,"z":0.0035343780182302,"w":0.9956081509590149},"size":5.467550277709961,"orthographic":false}