{"cameraMode":{"drawMode":0,"name":"Shaded","section":"Shading Mode"},"sceneLighting":false,"audioPlay":false,"sceneViewState":{"showFog":false,"showMaterialUpdate":false,"showSkybox":false,"showFlares":false,"showImageEffects":false,"showParticleSystems":false},"in2DMode":false,"pivot":{"x":0.1313292533159256,"y":-2.653780460357666,"z":-0.2949085235595703},"rotation":{"x":0.177845299243927,"y":-0.012978035025298596,"z":0.0023441645316779615,"w":0.9839701056480408},"size":7.516862392425537,"orthographic":false}