{"cameraMode":{"drawMode":0,"name":"Shaded","section":"Shading Mode"},"sceneLighting":true,"audioPlay":false,"sceneViewState":{"showFog":false,"showMaterialUpdate":false,"showSkybox":false,"showFlares":false,"showImageEffects":false,"showParticleSystems":false},"in2DMode":false,"pivot":{"x":-2.959815502166748,"y":7.379155158996582,"z":-4.806492805480957},"rotation":{"x":0.032619863748550418,"y":0.6931302547454834,"z":-0.03143113851547241,"w":0.7193875908851624},"size":12.541515350341797,"orthographic":false}