{"cameraMode":{"drawMode":0,"name":"Shaded","section":"Shading Mode"},"sceneLighting":true,"audioPlay":false,"sceneViewState":{"showFog":true,"showMaterialUpdate":true,"showSkybox":true,"showFlares":true,"showImageEffects":true,"showParticleSystems":true},"in2DMode":false,"pivot":{"x":3.5522961616516115,"y":-1.6871044635772706,"z":2.3008790016174318},"rotation":{"x":-0.062132030725479129,"y":-0.8722789287567139,"z":0.11501630395650864,"w":-0.4712114930152893},"size":10.682526588439942,"orthographic":false}