{"cameraMode":{"drawMode":0,"name":"Shaded","section":"Shading Mode"},"sceneLighting":false,"audioPlay":false,"sceneViewState":{"showFog":true,"showMaterialUpdate":true,"showSkybox":true,"showFlares":true,"showImageEffects":true,"showParticleSystems":true},"in2DMode":false,"pivot":{"x":-2.472353458404541,"y":-5.565142631530762,"z":5.807300567626953},"rotation":{"x":-0.1719212681055069,"y":0.01831876114010811,"z":-0.003197575220838189,"w":-0.9849352240562439},"size":2.8578836917877199,"orthographic":false}