{"cameraMode":{"drawMode":0,"name":"Shaded","section":"Shading Mode"},"sceneLighting":false,"audioPlay":false,"sceneViewState":{"showFog":false,"showMaterialUpdate":false,"showSkybox":false,"showFlares":false,"showImageEffects":false,"showParticleSystems":false},"in2DMode":false,"pivot":{"x":-1.156267762184143,"y":3.4858105182647707,"z":-0.12099849432706833},"rotation":{"x":-0.018071163445711137,"y":-0.7929375171661377,"z":-0.023548055440187455,"w":0.6085795164108276},"size":22.0,"orthographic":false}