{"cameraMode":{"drawMode":0,"name":"Shaded","section":"Shading Mode"},"sceneLighting":false,"audioPlay":false,"sceneViewState":{"showFog":false,"showMaterialUpdate":false,"showSkybox":false,"showFlares":false,"showImageEffects":false,"showParticleSystems":false},"in2DMode":false,"pivot":{"x":-4.139999866485596,"y":3.809999942779541,"z":0.0},"rotation":{"x":0.0010438646422699094,"y":0.9985398054122925,"z":-0.049779072403907779,"w":0.020959559828042985},"size":2.389455795288086,"orthographic":false}